Rule,Support,Confidence
# → %,10000,1.0
# $ → %,2809,1.0
# → % &,10000,1.0
# → % & ),10000,1.0
# $ → % & ),2809,1.0
# $ → % &,2809,1.0
# → % ),10000,1.0
# $ → % ),2809,1.0
# → &,10000,1.0
# $ → &,2809,1.0
# $ % → &,2809,1.0
# % → &,10000,1.0
# → & ),10000,1.0
# $ → & ),2809,1.0
# $ % → & ),2809,1.0
# % → & ),10000,1.0
# → ),10000,1.0
# $ → ),2809,1.0
# $ % → ),2809,1.0
# $ % & → ),2809,1.0
# $ % & ( → ),2799,1.0
# $ % ( → ),2799,1.0
# $ & → ),2809,1.0
# $ & ( → ),2799,1.0
# $ ( → ),2799,1.0
# % → ),10000,1.0
# % & → ),10000,1.0
# % & ( → ),9949,1.0
# % ( → ),9949,1.0
# & → ),10000,1.0
# & ( → ),9949,1.0
# ( → ),9949,1.0
$ → %,2809,1.0
$ → % &,2809,1.0
$ → % & ),2809,1.0
$ → % ),2809,1.0
$ → &,2809,1.0
$ % → &,2809,1.0
$ → & ),2809,1.0
$ % → & ),2809,1.0
$ → ),2809,1.0
$ % → ),2809,1.0
$ % & → ),2809,1.0
$ % & ( → ),2799,1.0
$ % ( → ),2799,1.0
$ & → ),2809,1.0
$ & ( → ),2799,1.0
$ ( → ),2799,1.0
% → &,10000,1.0
% → & ),10000,1.0
% → ),10000,1.0
% & → ),10000,1.0
% & ( → ),9949,1.0
% ( → ),9949,1.0
& → ),10000,1.0
& ( → ),9949,1.0
( → ),9949,1.0
# $ → % & ( ),2799,0.996440014239943
# $ → % & (,2799,0.996440014239943
# $ → % ( ),2799,0.996440014239943
# $ → % (,2799,0.996440014239943
# $ → & ( ),2799,0.996440014239943
# $ % → & ( ),2799,0.996440014239943
# $ → & (,2799,0.996440014239943
# $ % → & (,2799,0.996440014239943
# $ → (,2799,0.996440014239943
# $ % → (,2799,0.996440014239943
# $ % & → (,2799,0.996440014239943
# $ & → (,2799,0.996440014239943
# $ → ( ),2799,0.996440014239943
# $ % → ( ),2799,0.996440014239943
# $ % & → ( ),2799,0.996440014239943
# $ & → ( ),2799,0.996440014239943
$ → % & (,2799,0.996440014239943
$ → % & ( ),2799,0.996440014239943
$ → % (,2799,0.996440014239943
$ → % ( ),2799,0.996440014239943
$ → & (,2799,0.996440014239943
$ → & ( ),2799,0.996440014239943
$ % → & ( ),2799,0.996440014239943
$ % → & (,2799,0.996440014239943
$ → (,2799,0.996440014239943
$ % → (,2799,0.996440014239943
$ % & → (,2799,0.996440014239943
$ & → (,2799,0.996440014239943
$ → ( ),2799,0.996440014239943
$ % → ( ),2799,0.996440014239943
$ % & → ( ),2799,0.996440014239943
$ & → ( ),2799,0.996440014239943
# → % & (,9949,0.9949
# → % & ( ),9949,0.9949
# → % (,9949,0.9949
# → % ( ),9949,0.9949
# → & (,9949,0.9949
# → & ( ),9949,0.9949
# % → & ( ),9949,0.9949
# % → & (,9949,0.9949
# → (,9949,0.9949
# % → (,9949,0.9949
# % & → (,9949,0.9949
# & → (,9949,0.9949
# → ( ),9949,0.9949
# % → ( ),9949,0.9949
# % & → ( ),9949,0.9949
# & → ( ),9949,0.9949
% → & (,9949,0.9949
% → & ( ),9949,0.9949
% → (,9949,0.9949
% & → (,9949,0.9949
% → ( ),9949,0.9949
% & → ( ),9949,0.9949
& → (,9949,0.9949
& → ( ),9949,0.9949
# % & ) / 0 → 1,4598,0.9864835872130444
# % & / 0 → 1,4598,0.9864835872130444
# % ) / 0 → 1,4598,0.9864835872130444
# % / 0 → 1,4598,0.9864835872130444
# & ) / 0 → 1,4598,0.9864835872130444
# & / 0 → 1,4598,0.9864835872130444
# ) / 0 → 1,4598,0.9864835872130444
# / 0 → 1,4598,0.9864835872130444
% & ) / 0 → 1,4598,0.9864835872130444
% & / 0 → 1,4598,0.9864835872130444
% ) / 0 → 1,4598,0.9864835872130444
% / 0 → 1,4598,0.9864835872130444
& ) / 0 → 1,4598,0.9864835872130444
& / 0 → 1,4598,0.9864835872130444
) / 0 → 1,4598,0.9864835872130444
/ 0 → 1,4598,0.9864835872130444
# % & ( ) / 0 → 1,4588,0.9864545259084068
# % & ( / 0 → 1,4588,0.9864545259084068
# % ( ) / 0 → 1,4588,0.9864545259084068
# % ( / 0 → 1,4588,0.9864545259084068
# & ( ) / 0 → 1,4588,0.9864545259084068
# & ( / 0 → 1,4588,0.9864545259084068
# ( ) / 0 → 1,4588,0.9864545259084068
# ( / 0 → 1,4588,0.9864545259084068
% & ( ) / 0 → 1,4588,0.9864545259084068
% & ( / 0 → 1,4588,0.9864545259084068
% ( ) / 0 → 1,4588,0.9864545259084068
% ( / 0 → 1,4588,0.9864545259084068
& ( ) / 0 → 1,4588,0.9864545259084068
& ( / 0 → 1,4588,0.9864545259084068
( ) / 0 → 1,4588,0.9864545259084068
( / 0 → 1,4588,0.9864545259084068
# $ % & ) / → 1,2081,0.9774542038515736
# $ % & / → 1,2081,0.9774542038515736
# $ % ) / → 1,2081,0.9774542038515736
# $ % / → 1,2081,0.9774542038515736
# $ & ) / → 1,2081,0.9774542038515736
# $ & / → 1,2081,0.9774542038515736
# $ ) / → 1,2081,0.9774542038515736
# $ / → 1,2081,0.9774542038515736
$ % & ) / → 1,2081,0.9774542038515736
$ % & / → 1,2081,0.9774542038515736
$ % ) / → 1,2081,0.9774542038515736
$ % / → 1,2081,0.9774542038515736
$ & ) / → 1,2081,0.9774542038515736
$ & / → 1,2081,0.9774542038515736
$ ) / → 1,2081,0.9774542038515736
$ / → 1,2081,0.9774542038515736
# $ % & ( ) / → 1,2071,0.9773478055686645
# $ % & ( / → 1,2071,0.9773478055686645
# $ % ( ) / → 1,2071,0.9773478055686645
# $ % ( / → 1,2071,0.9773478055686645
# $ & ( ) / → 1,2071,0.9773478055686645
# $ & ( / → 1,2071,0.9773478055686645
# $ ( ) / → 1,2071,0.9773478055686645
# $ ( / → 1,2071,0.9773478055686645
$ % & ( ) / → 1,2071,0.9773478055686645
$ % & ( / → 1,2071,0.9773478055686645
$ % ( ) / → 1,2071,0.9773478055686645
$ % ( / → 1,2071,0.9773478055686645
$ & ( ) / → 1,2071,0.9773478055686645
$ & ( / → 1,2071,0.9773478055686645
$ ( ) / → 1,2071,0.9773478055686645
$ ( / → 1,2071,0.9773478055686645
# 0 → 1,4765,0.9752353663528449
# % 0 → 1,4765,0.9752353663528449
# % & 0 → 1,4765,0.9752353663528449
# % & ) 0 → 1,4765,0.9752353663528449
# % ) 0 → 1,4765,0.9752353663528449
# & 0 → 1,4765,0.9752353663528449
# & ) 0 → 1,4765,0.9752353663528449
# ) 0 → 1,4765,0.9752353663528449
% 0 → 1,4765,0.9752353663528449
% & 0 → 1,4765,0.9752353663528449
% & ) 0 → 1,4765,0.9752353663528449
% ) 0 → 1,4765,0.9752353663528449
& 0 → 1,4765,0.9752353663528449
& ) 0 → 1,4765,0.9752353663528449
) 0 → 1,4765,0.9752353663528449
0 → 1,4765,0.9752353663528449
# % & ( 0 → 1,4755,0.9751845775225595
# % & ( ) 0 → 1,4755,0.9751845775225595
# % ( 0 → 1,4755,0.9751845775225595
# % ( ) 0 → 1,4755,0.9751845775225595
# & ( 0 → 1,4755,0.9751845775225595
# & ( ) 0 → 1,4755,0.9751845775225595
# ( 0 → 1,4755,0.9751845775225595
# ( ) 0 → 1,4755,0.9751845775225595
% & ( 0 → 1,4755,0.9751845775225595
% & ( ) 0 → 1,4755,0.9751845775225595
% ( 0 → 1,4755,0.9751845775225595
% ( ) 0 → 1,4755,0.9751845775225595
& ( 0 → 1,4755,0.9751845775225595
& ( ) 0 → 1,4755,0.9751845775225595
( 0 → 1,4755,0.9751845775225595
( ) 0 → 1,4755,0.9751845775225595
# % & ) / 1 2 3 → 9,3007,0.9295208655332303
# % & / 1 2 3 → 9,3007,0.9295208655332303
# % ) / 1 2 3 → 9,3007,0.9295208655332303
# % / 1 2 3 → 9,3007,0.9295208655332303
# & ) / 1 2 3 → 9,3007,0.9295208655332303
# & / 1 2 3 → 9,3007,0.9295208655332303
# ) / 1 2 3 → 9,3007,0.9295208655332303
# / 1 2 3 → 9,3007,0.9295208655332303
% & ) / 1 2 3 → 9,3007,0.9295208655332303
% & / 1 2 3 → 9,3007,0.9295208655332303
% ) / 1 2 3 → 9,3007,0.9295208655332303
% / 1 2 3 → 9,3007,0.9295208655332303
& ) / 1 2 3 → 9,3007,0.9295208655332303
& / 1 2 3 → 9,3007,0.9295208655332303
) / 1 2 3 → 9,3007,0.9295208655332303
/ 1 2 3 → 9,3007,0.9295208655332303
# % & ( ) / 1 2 3 → 9,2997,0.9293023255813954
# % & ( / 1 2 3 → 9,2997,0.9293023255813954
# % ( ) / 1 2 3 → 9,2997,0.9293023255813954
# % ( / 1 2 3 → 9,2997,0.9293023255813954
# & ( ) / 1 2 3 → 9,2997,0.9293023255813954
# & ( / 1 2 3 → 9,2997,0.9293023255813954
# ( ) / 1 2 3 → 9,2997,0.9293023255813954
# ( / 1 2 3 → 9,2997,0.9293023255813954
% & ( ) / 1 2 3 → 9,2997,0.9293023255813954
% & ( / 1 2 3 → 9,2997,0.9293023255813954
% ( ) / 1 2 3 → 9,2997,0.9293023255813954
% ( / 1 2 3 → 9,2997,0.9293023255813954
& ( ) / 1 2 3 → 9,2997,0.9293023255813954
& ( / 1 2 3 → 9,2997,0.9293023255813954
( ) / 1 2 3 → 9,2997,0.9293023255813954
( / 1 2 3 → 9,2997,0.9293023255813954
# % 0 1 2 3 → 9,2720,0.9292791253843525
# % 0 2 3 → 9,2720,0.9292791253843525
# % & 0 1 2 3 → 9,2720,0.9292791253843525
# % & 0 2 3 → 9,2720,0.9292791253843525
# % & ) 0 1 2 3 → 9,2720,0.9292791253843525
# % & ) 0 2 3 → 9,2720,0.9292791253843525
# % ) 0 1 2 3 → 9,2720,0.9292791253843525
# % ) 0 2 3 → 9,2720,0.9292791253843525
# & 0 1 2 3 → 9,2720,0.9292791253843525
# & 0 2 3 → 9,2720,0.9292791253843525
# & ) 0 1 2 3 → 9,2720,0.9292791253843525
# & ) 0 2 3 → 9,2720,0.9292791253843525
# ) 0 1 2 3 → 9,2720,0.9292791253843525
# ) 0 2 3 → 9,2720,0.9292791253843525
# 0 1 2 3 → 9,2720,0.9292791253843525
# 0 2 3 → 9,2720,0.9292791253843525
% 0 1 2 3 → 9,2720,0.9292791253843525
% 0 2 3 → 9,2720,0.9292791253843525
% & 0 1 2 3 → 9,2720,0.9292791253843525
% & 0 2 3 → 9,2720,0.9292791253843525
% & ) 0 1 2 3 → 9,2720,0.9292791253843525
% & ) 0 2 3 → 9,2720,0.9292791253843525
% ) 0 1 2 3 → 9,2720,0.9292791253843525
% ) 0 2 3 → 9,2720,0.9292791253843525
& 0 1 2 3 → 9,2720,0.9292791253843525
& 0 2 3 → 9,2720,0.9292791253843525
& ) 0 1 2 3 → 9,2720,0.9292791253843525
& ) 0 2 3 → 9,2720,0.9292791253843525
) 0 1 2 3 → 9,2720,0.9292791253843525
) 0 2 3 → 9,2720,0.9292791253843525
0 1 2 3 → 9,2720,0.9292791253843525
0 2 3 → 9,2720,0.9292791253843525
# % & ) + 2 → 9,2126,0.9291958041958042
# % & + 2 → 9,2126,0.9291958041958042
# % ) + 2 → 9,2126,0.9291958041958042
# % + 2 → 9,2126,0.9291958041958042
# & ) + 2 → 9,2126,0.9291958041958042
# & + 2 → 9,2126,0.9291958041958042
# ) + 2 → 9,2126,0.9291958041958042
# + 2 → 9,2126,0.9291958041958042
% & ) + 2 → 9,2126,0.9291958041958042
% & + 2 → 9,2126,0.9291958041958042
% ) + 2 → 9,2126,0.9291958041958042
% + 2 → 9,2126,0.9291958041958042
& ) + 2 → 9,2126,0.9291958041958042
& + 2 → 9,2126,0.9291958041958042
) + 2 → 9,2126,0.9291958041958042
+ 2 → 9,2126,0.9291958041958042
# % & ) / 2 3 → 9,3038,0.9290519877675841
# % & / 2 3 → 9,3038,0.9290519877675841
# % ) / 2 3 → 9,3038,0.9290519877675841
# % / 2 3 → 9,3038,0.9290519877675841
# & ) / 2 3 → 9,3038,0.9290519877675841
# & / 2 3 → 9,3038,0.9290519877675841
# ) / 2 3 → 9,3038,0.9290519877675841
# / 2 3 → 9,3038,0.9290519877675841
% & ) / 2 3 → 9,3038,0.9290519877675841
% & / 2 3 → 9,3038,0.9290519877675841
% ) / 2 3 → 9,3038,0.9290519877675841
% / 2 3 → 9,3038,0.9290519877675841
& ) / 2 3 → 9,3038,0.9290519877675841
& / 2 3 → 9,3038,0.9290519877675841
) / 2 3 → 9,3038,0.9290519877675841
/ 2 3 → 9,3038,0.9290519877675841
# % & ( 0 1 2 3 → 9,2710,0.9290366815221117
# % & ( 0 2 3 → 9,2710,0.9290366815221117
# % & ( ) 0 1 2 3 → 9,2710,0.9290366815221117
# % & ( ) 0 2 3 → 9,2710,0.9290366815221117
# % ( 0 1 2 3 → 9,2710,0.9290366815221117
# % ( 0 2 3 → 9,2710,0.9290366815221117
# % ( ) 0 1 2 3 → 9,2710,0.9290366815221117
# % ( ) 0 2 3 → 9,2710,0.9290366815221117
# & ( 0 1 2 3 → 9,2710,0.9290366815221117
# & ( 0 2 3 → 9,2710,0.9290366815221117
# & ( ) 0 1 2 3 → 9,2710,0.9290366815221117
# & ( ) 0 2 3 → 9,2710,0.9290366815221117
# ( 0 1 2 3 → 9,2710,0.9290366815221117
# ( 0 2 3 → 9,2710,0.9290366815221117
# ( ) 0 1 2 3 → 9,2710,0.9290366815221117
# ( ) 0 2 3 → 9,2710,0.9290366815221117
% & ( 0 1 2 3 → 9,2710,0.9290366815221117
% & ( 0 2 3 → 9,2710,0.9290366815221117
% & ( ) 0 1 2 3 → 9,2710,0.9290366815221117
% & ( ) 0 2 3 → 9,2710,0.9290366815221117
% ( 0 1 2 3 → 9,2710,0.9290366815221117
% ( 0 2 3 → 9,2710,0.9290366815221117
% ( ) 0 1 2 3 → 9,2710,0.9290366815221117
% ( ) 0 2 3 → 9,2710,0.9290366815221117
& ( 0 1 2 3 → 9,2710,0.9290366815221117
& ( 0 2 3 → 9,2710,0.9290366815221117
& ( ) 0 1 2 3 → 9,2710,0.9290366815221117
& ( ) 0 2 3 → 9,2710,0.9290366815221117
( 0 1 2 3 → 9,2710,0.9290366815221117
( 0 2 3 → 9,2710,0.9290366815221117
( ) 0 1 2 3 → 9,2710,0.9290366815221117
( ) 0 2 3 → 9,2710,0.9290366815221117
# % & ) / 0 1 2 3 → 9,2708,0.9289879931389365
# % & ) / 0 2 3 → 9,2708,0.9289879931389365
# % & / 0 1 2 3 → 9,2708,0.9289879931389365
# % & / 0 2 3 → 9,2708,0.9289879931389365
# % ) / 0 1 2 3 → 9,2708,0.9289879931389365
# % ) / 0 2 3 → 9,2708,0.9289879931389365
# % / 0 1 2 3 → 9,2708,0.9289879931389365
# % / 0 2 3 → 9,2708,0.9289879931389365
# & ) / 0 1 2 3 → 9,2708,0.9289879931389365
# & ) / 0 2 3 → 9,2708,0.9289879931389365
# & / 0 1 2 3 → 9,2708,0.9289879931389365
# & / 0 2 3 → 9,2708,0.9289879931389365
# ) / 0 1 2 3 → 9,2708,0.9289879931389365
# ) / 0 2 3 → 9,2708,0.9289879931389365
# / 0 1 2 3 → 9,2708,0.9289879931389365
# / 0 2 3 → 9,2708,0.9289879931389365
% & ) / 0 1 2 3 → 9,2708,0.9289879931389365
% & ) / 0 2 3 → 9,2708,0.9289879931389365
% & / 0 1 2 3 → 9,2708,0.9289879931389365
% & / 0 2 3 → 9,2708,0.9289879931389365
% ) / 0 1 2 3 → 9,2708,0.9289879931389365
% ) / 0 2 3 → 9,2708,0.9289879931389365
% / 0 1 2 3 → 9,2708,0.9289879931389365
% / 0 2 3 → 9,2708,0.9289879931389365
& ) / 0 1 2 3 → 9,2708,0.9289879931389365
& ) / 0 2 3 → 9,2708,0.9289879931389365
& / 0 1 2 3 → 9,2708,0.9289879931389365
& / 0 2 3 → 9,2708,0.9289879931389365
) / 0 1 2 3 → 9,2708,0.9289879931389365
) / 0 2 3 → 9,2708,0.9289879931389365
/ 0 1 2 3 → 9,2708,0.9289879931389365
/ 0 2 3 → 9,2708,0.9289879931389365
# % & ( ) / 2 3 → 9,3028,0.9288343558282208
# % & ( / 2 3 → 9,3028,0.9288343558282208
# % ( ) / 2 3 → 9,3028,0.9288343558282208
# % ( / 2 3 → 9,3028,0.9288343558282208
# & ( ) / 2 3 → 9,3028,0.9288343558282208
# & ( / 2 3 → 9,3028,0.9288343558282208
# ( ) / 2 3 → 9,3028,0.9288343558282208
# ( / 2 3 → 9,3028,0.9288343558282208
% & ( ) / 2 3 → 9,3028,0.9288343558282208
% & ( / 2 3 → 9,3028,0.9288343558282208
% ( ) / 2 3 → 9,3028,0.9288343558282208
% ( / 2 3 → 9,3028,0.9288343558282208
& ( ) / 2 3 → 9,3028,0.9288343558282208
& ( / 2 3 → 9,3028,0.9288343558282208
( ) / 2 3 → 9,3028,0.9288343558282208
( / 2 3 → 9,3028,0.9288343558282208
# % & ( ) / 0 1 2 3 → 9,2698,0.9287435456110155
# % & ( ) / 0 2 3 → 9,2698,0.9287435456110155
# % & ( / 0 1 2 3 → 9,2698,0.9287435456110155
# % & ( / 0 2 3 → 9,2698,0.9287435456110155
# % ( ) / 0 1 2 3 → 9,2698,0.9287435456110155
# % ( ) / 0 2 3 → 9,2698,0.9287435456110155
# % ( / 0 1 2 3 → 9,2698,0.9287435456110155
# % ( / 0 2 3 → 9,2698,0.9287435456110155
# & ( ) / 0 1 2 3 → 9,2698,0.9287435456110155
# & ( ) / 0 2 3 → 9,2698,0.9287435456110155
# & ( / 0 1 2 3 → 9,2698,0.9287435456110155
# & ( / 0 2 3 → 9,2698,0.9287435456110155
# ( ) / 0 1 2 3 → 9,2698,0.9287435456110155
# ( ) / 0 2 3 → 9,2698,0.9287435456110155
# ( / 0 1 2 3 → 9,2698,0.9287435456110155
# ( / 0 2 3 → 9,2698,0.9287435456110155
% & ( ) / 0 1 2 3 → 9,2698,0.9287435456110155
% & ( ) / 0 2 3 → 9,2698,0.9287435456110155
% & ( / 0 1 2 3 → 9,2698,0.9287435456110155
% & ( / 0 2 3 → 9,2698,0.9287435456110155
% ( ) / 0 1 2 3 → 9,2698,0.9287435456110155
% ( ) / 0 2 3 → 9,2698,0.9287435456110155
% ( / 0 1 2 3 → 9,2698,0.9287435456110155
% ( / 0 2 3 → 9,2698,0.9287435456110155
& ( ) / 0 1 2 3 → 9,2698,0.9287435456110155
& ( ) / 0 2 3 → 9,2698,0.9287435456110155
& ( / 0 1 2 3 → 9,2698,0.9287435456110155
& ( / 0 2 3 → 9,2698,0.9287435456110155
( ) / 0 1 2 3 → 9,2698,0.9287435456110155
( ) / 0 2 3 → 9,2698,0.9287435456110155
( / 0 1 2 3 → 9,2698,0.9287435456110155
( / 0 2 3 → 9,2698,0.9287435456110155
# % & ( ) + 2 → 9,2085,0.9279038718291055
# % & ( + 2 → 9,2085,0.9279038718291055
# % ( ) + 2 → 9,2085,0.9279038718291055
# % ( + 2 → 9,2085,0.9279038718291055
# & ( ) + 2 → 9,2085,0.9279038718291055
# & ( + 2 → 9,2085,0.9279038718291055
# ( ) + 2 → 9,2085,0.9279038718291055
# ( + 2 → 9,2085,0.9279038718291055
% & ( ) + 2 → 9,2085,0.9279038718291055
% & ( + 2 → 9,2085,0.9279038718291055
% ( ) + 2 → 9,2085,0.9279038718291055
% ( + 2 → 9,2085,0.9279038718291055
& ( ) + 2 → 9,2085,0.9279038718291055
& ( + 2 → 9,2085,0.9279038718291055
( ) + 2 → 9,2085,0.9279038718291055
( + 2 → 9,2085,0.9279038718291055
# % & ) 0 3 → <,3888,0.9224199288256227
# % & 0 3 → <,3888,0.9224199288256227
# % ) 0 3 → <,3888,0.9224199288256227
# % 0 3 → <,3888,0.9224199288256227
# & ) 0 3 → <,3888,0.9224199288256227
# & 0 3 → <,3888,0.9224199288256227
# ) 0 3 → <,3888,0.9224199288256227
# 0 3 → <,3888,0.9224199288256227
% & ) 0 3 → <,3888,0.9224199288256227
% & 0 3 → <,3888,0.9224199288256227
% ) 0 3 → <,3888,0.9224199288256227
% 0 3 → <,3888,0.9224199288256227
& ) 0 3 → <,3888,0.9224199288256227
& 0 3 → <,3888,0.9224199288256227
) 0 3 → <,3888,0.9224199288256227
0 3 → <,3888,0.9224199288256227
# % & ( ) 0 3 → <,3878,0.9222354340071344
# % & ( 0 3 → <,3878,0.9222354340071344
# % ( ) 0 3 → <,3878,0.9222354340071344
# % ( 0 3 → <,3878,0.9222354340071344
# & ( ) 0 3 → <,3878,0.9222354340071344
# & ( 0 3 → <,3878,0.9222354340071344
# ( ) 0 3 → <,3878,0.9222354340071344
# ( 0 3 → <,3878,0.9222354340071344
% & ( ) 0 3 → <,3878,0.9222354340071344
% & ( 0 3 → <,3878,0.9222354340071344
% ( ) 0 3 → <,3878,0.9222354340071344
% ( 0 3 → <,3878,0.9222354340071344
& ( ) 0 3 → <,3878,0.9222354340071344
& ( 0 3 → <,3878,0.9222354340071344
( ) 0 3 → <,3878,0.9222354340071344
( 0 3 → <,3878,0.9222354340071344
# % & ) 0 1 3 → <,3844,0.9216015344042197
# % & 0 1 3 → <,3844,0.9216015344042197
# % ) 0 1 3 → <,3844,0.9216015344042197
# % 0 1 3 → <,3844,0.9216015344042197
# & ) 0 1 3 → <,3844,0.9216015344042197
# & 0 1 3 → <,3844,0.9216015344042197
# ) 0 1 3 → <,3844,0.9216015344042197
# 0 1 3 → <,3844,0.9216015344042197
% & ) 0 1 3 → <,3844,0.9216015344042197
% & 0 1 3 → <,3844,0.9216015344042197
% ) 0 1 3 → <,3844,0.9216015344042197
% 0 1 3 → <,3844,0.9216015344042197
& ) 0 1 3 → <,3844,0.9216015344042197
& 0 1 3 → <,3844,0.9216015344042197
) 0 1 3 → <,3844,0.9216015344042197
0 1 3 → <,3844,0.9216015344042197
# % & ) / 0 3 → <,3843,0.9215827338129496
# % & / 0 3 → <,3843,0.9215827338129496
# % ) / 0 3 → <,3843,0.9215827338129496
# % / 0 3 → <,3843,0.9215827338129496
# & ) / 0 3 → <,3843,0.9215827338129496
# & / 0 3 → <,3843,0.9215827338129496
# ) / 0 3 → <,3843,0.9215827338129496
# / 0 3 → <,3843,0.9215827338129496
% & ) / 0 3 → <,3843,0.9215827338129496
% & / 0 3 → <,3843,0.9215827338129496
% ) / 0 3 → <,3843,0.9215827338129496
% / 0 3 → <,3843,0.9215827338129496
& ) / 0 3 → <,3843,0.9215827338129496
& / 0 3 → <,3843,0.9215827338129496
) / 0 3 → <,3843,0.9215827338129496
/ 0 3 → <,3843,0.9215827338129496
# % & ( ) 0 1 3 → <,3834,0.9214131218457101
# % & ( 0 1 3 → <,3834,0.9214131218457101
# % ( ) 0 1 3 → <,3834,0.9214131218457101
# % ( 0 1 3 → <,3834,0.9214131218457101
# & ( ) 0 1 3 → <,3834,0.9214131218457101
# & ( 0 1 3 → <,3834,0.9214131218457101
# ( ) 0 1 3 → <,3834,0.9214131218457101
# ( 0 1 3 → <,3834,0.9214131218457101
% & ( ) 0 1 3 → <,3834,0.9214131218457101
% & ( 0 1 3 → <,3834,0.9214131218457101
% ( ) 0 1 3 → <,3834,0.9214131218457101
% ( 0 1 3 → <,3834,0.9214131218457101
& ( ) 0 1 3 → <,3834,0.9214131218457101
& ( 0 1 3 → <,3834,0.9214131218457101
( ) 0 1 3 → <,3834,0.9214131218457101
( 0 1 3 → <,3834,0.9214131218457101
# % & ( ) / 0 3 → <,3833,0.9213942307692308
# % & ( / 0 3 → <,3833,0.9213942307692308
# % ( ) / 0 3 → <,3833,0.9213942307692308
# % ( / 0 3 → <,3833,0.9213942307692308
# & ( ) / 0 3 → <,3833,0.9213942307692308
# & ( / 0 3 → <,3833,0.9213942307692308
# ( ) / 0 3 → <,3833,0.9213942307692308
# ( / 0 3 → <,3833,0.9213942307692308
% & ( ) / 0 3 → <,3833,0.9213942307692308
% & ( / 0 3 → <,3833,0.9213942307692308
% ( ) / 0 3 → <,3833,0.9213942307692308
% ( / 0 3 → <,3833,0.9213942307692308
& ( ) / 0 3 → <,3833,0.9213942307692308
& ( / 0 3 → <,3833,0.9213942307692308
( ) / 0 3 → <,3833,0.9213942307692308
( / 0 3 → <,3833,0.9213942307692308
# % & ) / 0 → <,4294,0.9212615318601158
# % & / 0 → <,4294,0.9212615318601158
# % ) / 0 → <,4294,0.9212615318601158
# % / 0 → <,4294,0.9212615318601158
# & ) / 0 → <,4294,0.9212615318601158
# & / 0 → <,4294,0.9212615318601158
# ) / 0 → <,4294,0.9212615318601158
# / 0 → <,4294,0.9212615318601158
% & ) / 0 → <,4294,0.9212615318601158
% & / 0 → <,4294,0.9212615318601158
% ) / 0 → <,4294,0.9212615318601158
% / 0 → <,4294,0.9212615318601158
& ) / 0 → <,4294,0.9212615318601158
& / 0 → <,4294,0.9212615318601158
) / 0 → <,4294,0.9212615318601158
/ 0 → <,4294,0.9212615318601158
# % 1 2 3 → 9,3297,0.9212070410729254
# % & 1 2 3 → 9,3297,0.9212070410729254
# % & ) 1 2 3 → 9,3297,0.9212070410729254
# % ) 1 2 3 → 9,3297,0.9212070410729254
# & 1 2 3 → 9,3297,0.9212070410729254
# & ) 1 2 3 → 9,3297,0.9212070410729254
# ) 1 2 3 → 9,3297,0.9212070410729254
# 1 2 3 → 9,3297,0.9212070410729254
% 1 2 3 → 9,3297,0.9212070410729254
% & 1 2 3 → 9,3297,0.9212070410729254
% & ) 1 2 3 → 9,3297,0.9212070410729254
% ) 1 2 3 → 9,3297,0.9212070410729254
& 1 2 3 → 9,3297,0.9212070410729254
& ) 1 2 3 → 9,3297,0.9212070410729254
) 1 2 3 → 9,3297,0.9212070410729254
1 2 3 → 9,3297,0.9212070410729254
# % & ( ) / 0 → <,4284,0.921092238228338
# % & ( / 0 → <,4284,0.921092238228338
# % ( ) / 0 → <,4284,0.921092238228338
# % ( / 0 → <,4284,0.921092238228338
# & ( ) / 0 → <,4284,0.921092238228338
# & ( / 0 → <,4284,0.921092238228338
# ( ) / 0 → <,4284,0.921092238228338
# ( / 0 → <,4284,0.921092238228338
% & ( ) / 0 → <,4284,0.921092238228338
% & ( / 0 → <,4284,0.921092238228338
% ( ) / 0 → <,4284,0.921092238228338
% ( / 0 → <,4284,0.921092238228338
& ( ) / 0 → <,4284,0.921092238228338
& ( / 0 → <,4284,0.921092238228338
( ) / 0 → <,4284,0.921092238228338
( / 0 → <,4284,0.921092238228338
# % & ( 1 2 3 → 9,3287,0.9209862706640516
# % & ( ) 1 2 3 → 9,3287,0.9209862706640516
# % ( 1 2 3 → 9,3287,0.9209862706640516
# % ( ) 1 2 3 → 9,3287,0.9209862706640516
# & ( 1 2 3 → 9,3287,0.9209862706640516
# & ( ) 1 2 3 → 9,3287,0.9209862706640516
# ( 1 2 3 → 9,3287,0.9209862706640516
# ( ) 1 2 3 → 9,3287,0.9209862706640516
% & ( 1 2 3 → 9,3287,0.9209862706640516
% & ( ) 1 2 3 → 9,3287,0.9209862706640516
% ( 1 2 3 → 9,3287,0.9209862706640516
% ( ) 1 2 3 → 9,3287,0.9209862706640516
& ( 1 2 3 → 9,3287,0.9209862706640516
& ( ) 1 2 3 → 9,3287,0.9209862706640516
( 1 2 3 → 9,3287,0.9209862706640516
( ) 1 2 3 → 9,3287,0.9209862706640516
# % & ) / 0 1 3 → <,3799,0.9207464857004363
# % & / 0 1 3 → <,3799,0.9207464857004363
# % ) / 0 1 3 → <,3799,0.9207464857004363
# % / 0 1 3 → <,3799,0.9207464857004363
# & ) / 0 1 3 → <,3799,0.9207464857004363
# & / 0 1 3 → <,3799,0.9207464857004363
# ) / 0 1 3 → <,3799,0.9207464857004363
# / 0 1 3 → <,3799,0.9207464857004363
% & ) / 0 1 3 → <,3799,0.9207464857004363
% & / 0 1 3 → <,3799,0.9207464857004363
% ) / 0 1 3 → <,3799,0.9207464857004363
% / 0 1 3 → <,3799,0.9207464857004363
& ) / 0 1 3 → <,3799,0.9207464857004363
& / 0 1 3 → <,3799,0.9207464857004363
) / 0 1 3 → <,3799,0.9207464857004363
/ 0 1 3 → <,3799,0.9207464857004363
# % & ( ) / 0 1 3 → <,3789,0.9205539358600583
# % & ( / 0 1 3 → <,3789,0.9205539358600583
# % ( ) / 0 1 3 → <,3789,0.9205539358600583
# % ( / 0 1 3 → <,3789,0.9205539358600583
# & ( ) / 0 1 3 → <,3789,0.9205539358600583
# & ( / 0 1 3 → <,3789,0.9205539358600583
# ( ) / 0 1 3 → <,3789,0.9205539358600583
# ( / 0 1 3 → <,3789,0.9205539358600583
% & ( ) / 0 1 3 → <,3789,0.9205539358600583
% & ( / 0 1 3 → <,3789,0.9205539358600583
% ( ) / 0 1 3 → <,3789,0.9205539358600583
% ( / 0 1 3 → <,3789,0.9205539358600583
& ( ) / 0 1 3 → <,3789,0.9205539358600583
& ( / 0 1 3 → <,3789,0.9205539358600583
( ) / 0 1 3 → <,3789,0.9205539358600583
( / 0 1 3 → <,3789,0.9205539358600583
# % & ) / 0 1 → <,4231,0.9201826881252718
# % & / 0 1 → <,4231,0.9201826881252718
# % ) / 0 1 → <,4231,0.9201826881252718
# % / 0 1 → <,4231,0.9201826881252718
# & ) / 0 1 → <,4231,0.9201826881252718
# & / 0 1 → <,4231,0.9201826881252718
# ) / 0 1 → <,4231,0.9201826881252718
# / 0 1 → <,4231,0.9201826881252718
% & ) / 0 1 → <,4231,0.9201826881252718
% & / 0 1 → <,4231,0.9201826881252718
% ) / 0 1 → <,4231,0.9201826881252718
% / 0 1 → <,4231,0.9201826881252718
& ) / 0 1 → <,4231,0.9201826881252718
& / 0 1 → <,4231,0.9201826881252718
) / 0 1 → <,4231,0.9201826881252718
/ 0 1 → <,4231,0.9201826881252718
# % & ( ) / 0 1 → <,4221,0.9200087183958152
# % & ( / 0 1 → <,4221,0.9200087183958152
# % ( ) / 0 1 → <,4221,0.9200087183958152
# % ( / 0 1 → <,4221,0.9200087183958152
# & ( ) / 0 1 → <,4221,0.9200087183958152
# & ( / 0 1 → <,4221,0.9200087183958152
# ( ) / 0 1 → <,4221,0.9200087183958152
# ( / 0 1 → <,4221,0.9200087183958152
% & ( ) / 0 1 → <,4221,0.9200087183958152
% & ( / 0 1 → <,4221,0.9200087183958152
% ( ) / 0 1 → <,4221,0.9200087183958152
% ( / 0 1 → <,4221,0.9200087183958152
& ( ) / 0 1 → <,4221,0.9200087183958152
& ( / 0 1 → <,4221,0.9200087183958152
( ) / 0 1 → <,4221,0.9200087183958152
( / 0 1 → <,4221,0.9200087183958152
# % & ) : → <,5088,0.9184115523465703
# % & : → <,5088,0.9184115523465703
# % ) : → <,5088,0.9184115523465703
# % : → <,5088,0.9184115523465703
# & ) : → <,5088,0.9184115523465703
# & : → <,5088,0.9184115523465703
# ) : → <,5088,0.9184115523465703
# : → <,5088,0.9184115523465703
% & ) : → <,5088,0.9184115523465703
% & : → <,5088,0.9184115523465703
% ) : → <,5088,0.9184115523465703
% : → <,5088,0.9184115523465703
& ) : → <,5088,0.9184115523465703
& : → <,5088,0.9184115523465703
) : → <,5088,0.9184115523465703
: → <,5088,0.9184115523465703
# % & ( ) : → <,5047,0.9178032369521731
# % & ( : → <,5047,0.9178032369521731
# % ( ) : → <,5047,0.9178032369521731
# % ( : → <,5047,0.9178032369521731
# & ( ) : → <,5047,0.9178032369521731
# & ( : → <,5047,0.9178032369521731
# ( ) : → <,5047,0.9178032369521731
# ( : → <,5047,0.9178032369521731
% & ( ) : → <,5047,0.9178032369521731
% & ( : → <,5047,0.9178032369521731
% ( ) : → <,5047,0.9178032369521731
% ( : → <,5047,0.9178032369521731
& ( ) : → <,5047,0.9178032369521731
& ( : → <,5047,0.9178032369521731
( ) : → <,5047,0.9178032369521731
( : → <,5047,0.9178032369521731
# % & ) 1 3 → <,5223,0.9177648919346336
# % & 1 3 → <,5223,0.9177648919346336
# % ) 1 3 → <,5223,0.9177648919346336
# % 1 3 → <,5223,0.9177648919346336
# & ) 1 3 → <,5223,0.9177648919346336
# & 1 3 → <,5223,0.9177648919346336
# ) 1 3 → <,5223,0.9177648919346336
# 1 3 → <,5223,0.9177648919346336
% & ) 1 3 → <,5223,0.9177648919346336
% & 1 3 → <,5223,0.9177648919346336
% ) 1 3 → <,5223,0.9177648919346336
% 1 3 → <,5223,0.9177648919346336
& ) 1 3 → <,5223,0.9177648919346336
& 1 3 → <,5223,0.9177648919346336
) 1 3 → <,5223,0.9177648919346336
1 3 → <,5223,0.9177648919346336
# % & ( ) 1 3 → <,5213,0.9176201372997712
# % & ( 1 3 → <,5213,0.9176201372997712
# % ( ) 1 3 → <,5213,0.9176201372997712
# % ( 1 3 → <,5213,0.9176201372997712
# & ( ) 1 3 → <,5213,0.9176201372997712
# & ( 1 3 → <,5213,0.9176201372997712
# ( ) 1 3 → <,5213,0.9176201372997712
# ( 1 3 → <,5213,0.9176201372997712
% & ( ) 1 3 → <,5213,0.9176201372997712
% & ( 1 3 → <,5213,0.9176201372997712
% ( ) 1 3 → <,5213,0.9176201372997712
% ( 1 3 → <,5213,0.9176201372997712
& ( ) 1 3 → <,5213,0.9176201372997712
& ( 1 3 → <,5213,0.9176201372997712
( ) 1 3 → <,5213,0.9176201372997712
( 1 3 → <,5213,0.9176201372997712
# % & ( ) 0 : → <,2480,0.9174990751017388
# % & ( 0 : → <,2480,0.9174990751017388
# % & ) 0 : → <,2480,0.9174990751017388
# % & 0 : → <,2480,0.9174990751017388
# % ( ) 0 : → <,2480,0.9174990751017388
# % ( 0 : → <,2480,0.9174990751017388
# % ) 0 : → <,2480,0.9174990751017388
# % 0 : → <,2480,0.9174990751017388
# & ( ) 0 : → <,2480,0.9174990751017388
# & ( 0 : → <,2480,0.9174990751017388
# & ) 0 : → <,2480,0.9174990751017388
# & 0 : → <,2480,0.9174990751017388
# ( ) 0 : → <,2480,0.9174990751017388
# ( 0 : → <,2480,0.9174990751017388
# ) 0 : → <,2480,0.9174990751017388
# 0 : → <,2480,0.9174990751017388
% & ( ) 0 : → <,2480,0.9174990751017388
% & ( 0 : → <,2480,0.9174990751017388
% & ) 0 : → <,2480,0.9174990751017388
% & 0 : → <,2480,0.9174990751017388
% ( ) 0 : → <,2480,0.9174990751017388
% ( 0 : → <,2480,0.9174990751017388
% ) 0 : → <,2480,0.9174990751017388
% 0 : → <,2480,0.9174990751017388
& ( ) 0 : → <,2480,0.9174990751017388
& ( 0 : → <,2480,0.9174990751017388
& ) 0 : → <,2480,0.9174990751017388
& 0 : → <,2480,0.9174990751017388
( ) 0 : → <,2480,0.9174990751017388
( 0 : → <,2480,0.9174990751017388
) 0 : → <,2480,0.9174990751017388
0 : → <,2480,0.9174990751017388
# % & ( ) 1 5 → <,2055,0.9165923282783229
# % & ( 1 5 → <,2055,0.9165923282783229
# % & ) 1 5 → <,2055,0.9165923282783229
# % & 1 5 → <,2055,0.9165923282783229
# % ( ) 1 5 → <,2055,0.9165923282783229
# % ( 1 5 → <,2055,0.9165923282783229
# % ) 1 5 → <,2055,0.9165923282783229
# % 1 5 → <,2055,0.9165923282783229
# & ( ) 1 5 → <,2055,0.9165923282783229
# & ( 1 5 → <,2055,0.9165923282783229
# & ) 1 5 → <,2055,0.9165923282783229
# & 1 5 → <,2055,0.9165923282783229
# ( ) 1 5 → <,2055,0.9165923282783229
# ( 1 5 → <,2055,0.9165923282783229
# ) 1 5 → <,2055,0.9165923282783229
# 1 5 → <,2055,0.9165923282783229
% & ( ) 1 5 → <,2055,0.9165923282783229
% & ( 1 5 → <,2055,0.9165923282783229
% & ) 1 5 → <,2055,0.9165923282783229
% & 1 5 → <,2055,0.9165923282783229
% ( ) 1 5 → <,2055,0.9165923282783229
% ( 1 5 → <,2055,0.9165923282783229
% ) 1 5 → <,2055,0.9165923282783229
% 1 5 → <,2055,0.9165923282783229
& ( ) 1 5 → <,2055,0.9165923282783229
& ( 1 5 → <,2055,0.9165923282783229
& ) 1 5 → <,2055,0.9165923282783229
& 1 5 → <,2055,0.9165923282783229
( ) 1 5 → <,2055,0.9165923282783229
( 1 5 → <,2055,0.9165923282783229
) 1 5 → <,2055,0.9165923282783229
1 5 → <,2055,0.9165923282783229
# % 2 3 → 9,3422,0.9149732620320855
# % & 2 3 → 9,3422,0.9149732620320855
# % & ) 2 3 → 9,3422,0.9149732620320855
# % ) 2 3 → 9,3422,0.9149732620320855
# & 2 3 → 9,3422,0.9149732620320855
# & ) 2 3 → 9,3422,0.9149732620320855
# ) 2 3 → 9,3422,0.9149732620320855
# 2 3 → 9,3422,0.9149732620320855
% 2 3 → 9,3422,0.9149732620320855
% & 2 3 → 9,3422,0.9149732620320855
% & ) 2 3 → 9,3422,0.9149732620320855
% ) 2 3 → 9,3422,0.9149732620320855
& 2 3 → 9,3422,0.9149732620320855
& ) 2 3 → 9,3422,0.9149732620320855
) 2 3 → 9,3422,0.9149732620320855
2 3 → 9,3422,0.9149732620320855
# % & ( 2 3 → 9,3412,0.914745308310992
# % & ( ) 2 3 → 9,3412,0.914745308310992
# % ( 2 3 → 9,3412,0.914745308310992
# % ( ) 2 3 → 9,3412,0.914745308310992
# & ( 2 3 → 9,3412,0.914745308310992
# & ( ) 2 3 → 9,3412,0.914745308310992
# ( 2 3 → 9,3412,0.914745308310992
# ( ) 2 3 → 9,3412,0.914745308310992
% & ( 2 3 → 9,3412,0.914745308310992
% & ( ) 2 3 → 9,3412,0.914745308310992
% ( 2 3 → 9,3412,0.914745308310992
% ( ) 2 3 → 9,3412,0.914745308310992
& ( 2 3 → 9,3412,0.914745308310992
& ( ) 2 3 → 9,3412,0.914745308310992
( 2 3 → 9,3412,0.914745308310992
( ) 2 3 → 9,3412,0.914745308310992
# % & ( ) / 0 : → <,2382,0.9143953934740883
# % & ( / 0 : → <,2382,0.9143953934740883
# % & ) / 0 : → <,2382,0.9143953934740883
# % & / 0 : → <,2382,0.9143953934740883
# % ( ) / 0 : → <,2382,0.9143953934740883
# % ( / 0 : → <,2382,0.9143953934740883
# % ) / 0 : → <,2382,0.9143953934740883
# % / 0 : → <,2382,0.9143953934740883
# & ( ) / 0 : → <,2382,0.9143953934740883
# & ( / 0 : → <,2382,0.9143953934740883
# & ) / 0 : → <,2382,0.9143953934740883
# & / 0 : → <,2382,0.9143953934740883
# ( ) / 0 : → <,2382,0.9143953934740883
# ( / 0 : → <,2382,0.9143953934740883
# ) / 0 : → <,2382,0.9143953934740883
# / 0 : → <,2382,0.9143953934740883
% & ( ) / 0 : → <,2382,0.9143953934740883
% & ( / 0 : → <,2382,0.9143953934740883
% & ) / 0 : → <,2382,0.9143953934740883
% & / 0 : → <,2382,0.9143953934740883
% ( ) / 0 : → <,2382,0.9143953934740883
% ( / 0 : → <,2382,0.9143953934740883
% ) / 0 : → <,2382,0.9143953934740883
% / 0 : → <,2382,0.9143953934740883
& ( ) / 0 : → <,2382,0.9143953934740883
& ( / 0 : → <,2382,0.9143953934740883
& ) / 0 : → <,2382,0.9143953934740883
& / 0 : → <,2382,0.9143953934740883
( ) / 0 : → <,2382,0.9143953934740883
( / 0 : → <,2382,0.9143953934740883
) / 0 : → <,2382,0.9143953934740883
/ 0 : → <,2382,0.9143953934740883
# % & ) 0 → <,4465,0.9138354482194023
# % & 0 → <,4465,0.9138354482194023
# % ) 0 → <,4465,0.9138354482194023
# % 0 → <,4465,0.9138354482194023
# & ) 0 → <,4465,0.9138354482194023
# & 0 → <,4465,0.9138354482194023
# ) 0 → <,4465,0.9138354482194023
# 0 → <,4465,0.9138354482194023
% & ) 0 → <,4465,0.9138354482194023
% & 0 → <,4465,0.9138354482194023
% ) 0 → <,4465,0.9138354482194023
% 0 → <,4465,0.9138354482194023
& ) 0 → <,4465,0.9138354482194023
& 0 → <,4465,0.9138354482194023
) 0 → <,4465,0.9138354482194023
0 → <,4465,0.9138354482194023
# % & ( ) 0 → <,4455,0.9136587366694011
# % & ( 0 → <,4455,0.9136587366694011
# % ( ) 0 → <,4455,0.9136587366694011
# % ( 0 → <,4455,0.9136587366694011
# & ( ) 0 → <,4455,0.9136587366694011
# & ( 0 → <,4455,0.9136587366694011
# ( ) 0 → <,4455,0.9136587366694011
# ( 0 → <,4455,0.9136587366694011
% & ( ) 0 → <,4455,0.9136587366694011
% & ( 0 → <,4455,0.9136587366694011
% ( ) 0 → <,4455,0.9136587366694011
% ( 0 → <,4455,0.9136587366694011
& ( ) 0 → <,4455,0.9136587366694011
& ( 0 → <,4455,0.9136587366694011
( ) 0 → <,4455,0.9136587366694011
( 0 → <,4455,0.9136587366694011
# % & ( ) 0 1 : → <,2359,0.9136328427575523
# % & ( 0 1 : → <,2359,0.9136328427575523
# % & ) 0 1 : → <,2359,0.9136328427575523
# % & 0 1 : → <,2359,0.9136328427575523
# % ( ) 0 1 : → <,2359,0.9136328427575523
# % ( 0 1 : → <,2359,0.9136328427575523
# % ) 0 1 : → <,2359,0.9136328427575523
# % 0 1 : → <,2359,0.9136328427575523
# & ( ) 0 1 : → <,2359,0.9136328427575523
# & ( 0 1 : → <,2359,0.9136328427575523
# & ) 0 1 : → <,2359,0.9136328427575523
# & 0 1 : → <,2359,0.9136328427575523
# ( ) 0 1 : → <,2359,0.9136328427575523
# ( 0 1 : → <,2359,0.9136328427575523
# ) 0 1 : → <,2359,0.9136328427575523
# 0 1 : → <,2359,0.9136328427575523
% & ( ) 0 1 : → <,2359,0.9136328427575523
% & ( 0 1 : → <,2359,0.9136328427575523
% & ) 0 1 : → <,2359,0.9136328427575523
% & 0 1 : → <,2359,0.9136328427575523
% ( ) 0 1 : → <,2359,0.9136328427575523
% ( 0 1 : → <,2359,0.9136328427575523
% ) 0 1 : → <,2359,0.9136328427575523
% 0 1 : → <,2359,0.9136328427575523
& ( ) 0 1 : → <,2359,0.9136328427575523
& ( 0 1 : → <,2359,0.9136328427575523
& ) 0 1 : → <,2359,0.9136328427575523
& 0 1 : → <,2359,0.9136328427575523
( ) 0 1 : → <,2359,0.9136328427575523
( 0 1 : → <,2359,0.9136328427575523
) 0 1 : → <,2359,0.9136328427575523
0 1 : → <,2359,0.9136328427575523
# % & ) 1 → <,5855,0.912420134019012
# % & 1 → <,5855,0.912420134019012
# % ) 1 → <,5855,0.912420134019012
# % 1 → <,5855,0.912420134019012
# & ) 1 → <,5855,0.912420134019012
# & 1 → <,5855,0.912420134019012
# ) 1 → <,5855,0.912420134019012
# 1 → <,5855,0.912420134019012
% & ) 1 → <,5855,0.912420134019012
% & 1 → <,5855,0.912420134019012
% ) 1 → <,5855,0.912420134019012
% 1 → <,5855,0.912420134019012
& ) 1 → <,5855,0.912420134019012
& 1 → <,5855,0.912420134019012
) 1 → <,5855,0.912420134019012
1 → <,5855,0.912420134019012
# % & ( ) 1 → <,5845,0.9122834399875137
# % & ( 1 → <,5845,0.9122834399875137
# % ( ) 1 → <,5845,0.9122834399875137
# % ( 1 → <,5845,0.9122834399875137
# & ( ) 1 → <,5845,0.9122834399875137
# & ( 1 → <,5845,0.9122834399875137
# ( ) 1 → <,5845,0.9122834399875137
# ( 1 → <,5845,0.9122834399875137
% & ( ) 1 → <,5845,0.9122834399875137
% & ( 1 → <,5845,0.9122834399875137
% ( ) 1 → <,5845,0.9122834399875137
% ( 1 → <,5845,0.9122834399875137
& ( ) 1 → <,5845,0.9122834399875137
& ( 1 → <,5845,0.9122834399875137
( ) 1 → <,5845,0.9122834399875137
( 1 → <,5845,0.9122834399875137
# % & ( ) / 0 1 : → <,2319,0.9122738001573564
# % & ( / 0 1 : → <,2319,0.9122738001573564
# % & ) / 0 1 : → <,2319,0.9122738001573564
# % & / 0 1 : → <,2319,0.9122738001573564
# % ( ) / 0 1 : → <,2319,0.9122738001573564
# % ( / 0 1 : → <,2319,0.9122738001573564
# % ) / 0 1 : → <,2319,0.9122738001573564
# % / 0 1 : → <,2319,0.9122738001573564
# & ( ) / 0 1 : → <,2319,0.9122738001573564
# & ( / 0 1 : → <,2319,0.9122738001573564
# & ) / 0 1 : → <,2319,0.9122738001573564
# & / 0 1 : → <,2319,0.9122738001573564
# ( ) / 0 1 : → <,2319,0.9122738001573564
# ( / 0 1 : → <,2319,0.9122738001573564
# ) / 0 1 : → <,2319,0.9122738001573564
# / 0 1 : → <,2319,0.9122738001573564
% & ( ) / 0 1 : → <,2319,0.9122738001573564
% & ( / 0 1 : → <,2319,0.9122738001573564
% & ) / 0 1 : → <,2319,0.9122738001573564
% & / 0 1 : → <,2319,0.9122738001573564
% ( ) / 0 1 : → <,2319,0.9122738001573564
% ( / 0 1 : → <,2319,0.9122738001573564
% ) / 0 1 : → <,2319,0.9122738001573564
% / 0 1 : → <,2319,0.9122738001573564
& ( ) / 0 1 : → <,2319,0.9122738001573564
& ( / 0 1 : → <,2319,0.9122738001573564
& ) / 0 1 : → <,2319,0.9122738001573564
& / 0 1 : → <,2319,0.9122738001573564
( ) / 0 1 : → <,2319,0.9122738001573564
( / 0 1 : → <,2319,0.9122738001573564
) / 0 1 : → <,2319,0.9122738001573564
/ 0 1 : → <,2319,0.9122738001573564
# % & ) 0 1 → <,4344,0.9116474291710388
# % & 0 1 → <,4344,0.9116474291710388
# % ) 0 1 → <,4344,0.9116474291710388
# % 0 1 → <,4344,0.9116474291710388
# & ) 0 1 → <,4344,0.9116474291710388
# & 0 1 → <,4344,0.9116474291710388
# ) 0 1 → <,4344,0.9116474291710388
# 0 1 → <,4344,0.9116474291710388
% & ) 0 1 → <,4344,0.9116474291710388
% & 0 1 → <,4344,0.9116474291710388
% ) 0 1 → <,4344,0.9116474291710388
% 0 1 → <,4344,0.9116474291710388
& ) 0 1 → <,4344,0.9116474291710388
& 0 1 → <,4344,0.9116474291710388
) 0 1 → <,4344,0.9116474291710388
0 1 → <,4344,0.9116474291710388
# % & ( ) 0 1 → <,4334,0.9114616193480547
# % & ( 0 1 → <,4334,0.9114616193480547
# % ( ) 0 1 → <,4334,0.9114616193480547
# % ( 0 1 → <,4334,0.9114616193480547
# & ( ) 0 1 → <,4334,0.9114616193480547
# & ( 0 1 → <,4334,0.9114616193480547
# ( ) 0 1 → <,4334,0.9114616193480547
# ( 0 1 → <,4334,0.9114616193480547
% & ( ) 0 1 → <,4334,0.9114616193480547
% & ( 0 1 → <,4334,0.9114616193480547
% ( ) 0 1 → <,4334,0.9114616193480547
% ( 0 1 → <,4334,0.9114616193480547
& ( ) 0 1 → <,4334,0.9114616193480547
& ( 0 1 → <,4334,0.9114616193480547
( ) 0 1 → <,4334,0.9114616193480547
( 0 1 → <,4334,0.9114616193480547
# % & ) / 1 → <,4920,0.9089229632366524
# % & / 1 → <,4920,0.9089229632366524
# % ) / 1 → <,4920,0.9089229632366524
# % / 1 → <,4920,0.9089229632366524
# & ) / 1 → <,4920,0.9089229632366524
# & / 1 → <,4920,0.9089229632366524
# ) / 1 → <,4920,0.9089229632366524
# / 1 → <,4920,0.9089229632366524
% & ) / 1 → <,4920,0.9089229632366524
% & / 1 → <,4920,0.9089229632366524
% ) / 1 → <,4920,0.9089229632366524
% / 1 → <,4920,0.9089229632366524
& ) / 1 → <,4920,0.9089229632366524
& / 1 → <,4920,0.9089229632366524
) / 1 → <,4920,0.9089229632366524
/ 1 → <,4920,0.9089229632366524
# % & ( ) / 1 → <,4910,0.9087543957060892
# % & ( / 1 → <,4910,0.9087543957060892
# % ( ) / 1 → <,4910,0.9087543957060892
# % ( / 1 → <,4910,0.9087543957060892
# & ( ) / 1 → <,4910,0.9087543957060892
# & ( / 1 → <,4910,0.9087543957060892
# ( ) / 1 → <,4910,0.9087543957060892
# ( / 1 → <,4910,0.9087543957060892
% & ( ) / 1 → <,4910,0.9087543957060892
% & ( / 1 → <,4910,0.9087543957060892
% ( ) / 1 → <,4910,0.9087543957060892
% ( / 1 → <,4910,0.9087543957060892
& ( ) / 1 → <,4910,0.9087543957060892
& ( / 1 → <,4910,0.9087543957060892
( ) / 1 → <,4910,0.9087543957060892
( / 1 → <,4910,0.9087543957060892
# % & ) / 0 → 1 <,4231,0.9077451190731602
# % & / 0 → 1 <,4231,0.9077451190731602
# % ) / 0 → 1 <,4231,0.9077451190731602
# % / 0 → 1 <,4231,0.9077451190731602
# & ) / 0 → 1 <,4231,0.9077451190731602
# & / 0 → 1 <,4231,0.9077451190731602
# ) / 0 → 1 <,4231,0.9077451190731602
# / 0 → 1 <,4231,0.9077451190731602
% & ) / 0 → 1 <,4231,0.9077451190731602
% & / 0 → 1 <,4231,0.9077451190731602
% ) / 0 → 1 <,4231,0.9077451190731602
% / 0 → 1 <,4231,0.9077451190731602
& ) / 0 → 1 <,4231,0.9077451190731602
& / 0 → 1 <,4231,0.9077451190731602
) / 0 → 1 <,4231,0.9077451190731602
/ 0 → 1 <,4231,0.9077451190731602
# % & ( ) / 0 → 1 <,4221,0.9075467641367447
# % & ( / 0 → 1 <,4221,0.9075467641367447
# % ( ) / 0 → 1 <,4221,0.9075467641367447
# % ( / 0 → 1 <,4221,0.9075467641367447
# & ( ) / 0 → 1 <,4221,0.9075467641367447
# & ( / 0 → 1 <,4221,0.9075467641367447
# ( ) / 0 → 1 <,4221,0.9075467641367447
# ( / 0 → 1 <,4221,0.9075467641367447
% & ( ) / 0 → 1 <,4221,0.9075467641367447
% & ( / 0 → 1 <,4221,0.9075467641367447
% ( ) / 0 → 1 <,4221,0.9075467641367447
% ( / 0 → 1 <,4221,0.9075467641367447
& ( ) / 0 → 1 <,4221,0.9075467641367447
& ( / 0 → 1 <,4221,0.9075467641367447
( ) / 0 → 1 <,4221,0.9075467641367447
( / 0 → 1 <,4221,0.9075467641367447
# % & ) 0 3 9 → <,3187,0.9069436539556062
# % & 0 3 9 → <,3187,0.9069436539556062
# % ) 0 3 9 → <,3187,0.9069436539556062
# % 0 3 9 → <,3187,0.9069436539556062
# & ) 0 3 9 → <,3187,0.9069436539556062
# & 0 3 9 → <,3187,0.9069436539556062
# ) 0 3 9 → <,3187,0.9069436539556062
# 0 3 9 → <,3187,0.9069436539556062
% & ) 0 3 9 → <,3187,0.9069436539556062
% & 0 3 9 → <,3187,0.9069436539556062
% ) 0 3 9 → <,3187,0.9069436539556062
% 0 3 9 → <,3187,0.9069436539556062
& ) 0 3 9 → <,3187,0.9069436539556062
& 0 3 9 → <,3187,0.9069436539556062
) 0 3 9 → <,3187,0.9069436539556062
0 3 9 → <,3187,0.9069436539556062
# % & ( ) 0 3 : → <,2170,0.9068115336397827
# % & ( 0 3 : → <,2170,0.9068115336397827
# % & ) 0 3 : → <,2170,0.9068115336397827
# % & 0 3 : → <,2170,0.9068115336397827
# % ( ) 0 3 : → <,2170,0.9068115336397827
# % ( 0 3 : → <,2170,0.9068115336397827
# % ) 0 3 : → <,2170,0.9068115336397827
# % 0 3 : → <,2170,0.9068115336397827
# & ( ) 0 3 : → <,2170,0.9068115336397827
# & ( 0 3 : → <,2170,0.9068115336397827
# & ) 0 3 : → <,2170,0.9068115336397827
# & 0 3 : → <,2170,0.9068115336397827
# ( ) 0 3 : → <,2170,0.9068115336397827
# ( 0 3 : → <,2170,0.9068115336397827
# ) 0 3 : → <,2170,0.9068115336397827
# 0 3 : → <,2170,0.9068115336397827
% & ( ) 0 3 : → <,2170,0.9068115336397827
% & ( 0 3 : → <,2170,0.9068115336397827
% & ) 0 3 : → <,2170,0.9068115336397827
% & 0 3 : → <,2170,0.9068115336397827
% ( ) 0 3 : → <,2170,0.9068115336397827
% ( 0 3 : → <,2170,0.9068115336397827
% ) 0 3 : → <,2170,0.9068115336397827
% 0 3 : → <,2170,0.9068115336397827
& ( ) 0 3 : → <,2170,0.9068115336397827
& ( 0 3 : → <,2170,0.9068115336397827
& ) 0 3 : → <,2170,0.9068115336397827
& 0 3 : → <,2170,0.9068115336397827
( ) 0 3 : → <,2170,0.9068115336397827
( 0 3 : → <,2170,0.9068115336397827
) 0 3 : → <,2170,0.9068115336397827
0 3 : → <,2170,0.9068115336397827
# % & ) 1 3 9 → <,4345,0.9067195325542571
# % & 1 3 9 → <,4345,0.9067195325542571
# % ) 1 3 9 → <,4345,0.9067195325542571
# % 1 3 9 → <,4345,0.9067195325542571
# & ) 1 3 9 → <,4345,0.9067195325542571
# & 1 3 9 → <,4345,0.9067195325542571
# ) 1 3 9 → <,4345,0.9067195325542571
# 1 3 9 → <,4345,0.9067195325542571
% & ) 1 3 9 → <,4345,0.9067195325542571
% & 1 3 9 → <,4345,0.9067195325542571
% ) 1 3 9 → <,4345,0.9067195325542571
% 1 3 9 → <,4345,0.9067195325542571
& ) 1 3 9 → <,4345,0.9067195325542571
& 1 3 9 → <,4345,0.9067195325542571
) 1 3 9 → <,4345,0.9067195325542571
1 3 9 → <,4345,0.9067195325542571
# % & ( ) 0 3 9 → <,3177,0.9066780821917808
# % & ( 0 3 9 → <,3177,0.9066780821917808
# % ( ) 0 3 9 → <,3177,0.9066780821917808
# % ( 0 3 9 → <,3177,0.9066780821917808
# & ( ) 0 3 9 → <,3177,0.9066780821917808
# & ( 0 3 9 → <,3177,0.9066780821917808
# ( ) 0 3 9 → <,3177,0.9066780821917808
# ( 0 3 9 → <,3177,0.9066780821917808
% & ( ) 0 3 9 → <,3177,0.9066780821917808
% & ( 0 3 9 → <,3177,0.9066780821917808
% ( ) 0 3 9 → <,3177,0.9066780821917808
% ( 0 3 9 → <,3177,0.9066780821917808
& ( ) 0 3 9 → <,3177,0.9066780821917808
& ( 0 3 9 → <,3177,0.9066780821917808
( ) 0 3 9 → <,3177,0.9066780821917808
( 0 3 9 → <,3177,0.9066780821917808
# % & ( ) 1 3 9 → <,4335,0.9065244667503137
# % & ( 1 3 9 → <,4335,0.9065244667503137
# % ( ) 1 3 9 → <,4335,0.9065244667503137
# % ( 1 3 9 → <,4335,0.9065244667503137
# & ( ) 1 3 9 → <,4335,0.9065244667503137
# & ( 1 3 9 → <,4335,0.9065244667503137
# ( ) 1 3 9 → <,4335,0.9065244667503137
# ( 1 3 9 → <,4335,0.9065244667503137
% & ( ) 1 3 9 → <,4335,0.9065244667503137
% & ( 1 3 9 → <,4335,0.9065244667503137
% ( ) 1 3 9 → <,4335,0.9065244667503137
% ( 1 3 9 → <,4335,0.9065244667503137
& ( ) 1 3 9 → <,4335,0.9065244667503137
& ( 1 3 9 → <,4335,0.9065244667503137
( ) 1 3 9 → <,4335,0.9065244667503137
( 1 3 9 → <,4335,0.9065244667503137
# % & ) 2 : → <,2773,0.9062091503267974
# % & 2 : → <,2773,0.9062091503267974
# % ) 2 : → <,2773,0.9062091503267974
# % 2 : → <,2773,0.9062091503267974
# & ) 2 : → <,2773,0.9062091503267974
# & 2 : → <,2773,0.9062091503267974
# ) 2 : → <,2773,0.9062091503267974
# 2 : → <,2773,0.9062091503267974
% & ) 2 : → <,2773,0.9062091503267974
% & 2 : → <,2773,0.9062091503267974
% ) 2 : → <,2773,0.9062091503267974
% 2 : → <,2773,0.9062091503267974
& ) 2 : → <,2773,0.9062091503267974
& 2 : → <,2773,0.9062091503267974
) 2 : → <,2773,0.9062091503267974
2 : → <,2773,0.9062091503267974
# % & ) / 1 3 → <,4367,0.9060165975103734
# % & / 1 3 → <,4367,0.9060165975103734
# % ) / 1 3 → <,4367,0.9060165975103734
# % / 1 3 → <,4367,0.9060165975103734
# & ) / 1 3 → <,4367,0.9060165975103734
# & / 1 3 → <,4367,0.9060165975103734
# ) / 1 3 → <,4367,0.9060165975103734
# / 1 3 → <,4367,0.9060165975103734
% & ) / 1 3 → <,4367,0.9060165975103734
% & / 1 3 → <,4367,0.9060165975103734
% ) / 1 3 → <,4367,0.9060165975103734
% / 1 3 → <,4367,0.9060165975103734
& ) / 1 3 → <,4367,0.9060165975103734
& / 1 3 → <,4367,0.9060165975103734
) / 1 3 → <,4367,0.9060165975103734
/ 1 3 → <,4367,0.9060165975103734
# % & ( ) 1 : → <,2997,0.9059854897218863
# % & ( 1 : → <,2997,0.9059854897218863
# % & ) 1 : → <,2997,0.9059854897218863
# % & 1 : → <,2997,0.9059854897218863
# % ( ) 1 : → <,2997,0.9059854897218863
# % ( 1 : → <,2997,0.9059854897218863
# % ) 1 : → <,2997,0.9059854897218863
# % 1 : → <,2997,0.9059854897218863
# & ( ) 1 : → <,2997,0.9059854897218863
# & ( 1 : → <,2997,0.9059854897218863
# & ) 1 : → <,2997,0.9059854897218863
# & 1 : → <,2997,0.9059854897218863
# ( ) 1 : → <,2997,0.9059854897218863
# ( 1 : → <,2997,0.9059854897218863
# ) 1 : → <,2997,0.9059854897218863
# 1 : → <,2997,0.9059854897218863
% & ( ) 1 : → <,2997,0.9059854897218863
% & ( 1 : → <,2997,0.9059854897218863
% & ) 1 : → <,2997,0.9059854897218863
% & 1 : → <,2997,0.9059854897218863
% ( ) 1 : → <,2997,0.9059854897218863
% ( 1 : → <,2997,0.9059854897218863
% ) 1 : → <,2997,0.9059854897218863
% 1 : → <,2997,0.9059854897218863
& ( ) 1 : → <,2997,0.9059854897218863
& ( 1 : → <,2997,0.9059854897218863
& ) 1 : → <,2997,0.9059854897218863
& 1 : → <,2997,0.9059854897218863
( ) 1 : → <,2997,0.9059854897218863
( 1 : → <,2997,0.9059854897218863
) 1 : → <,2997,0.9059854897218863
1 : → <,2997,0.9059854897218863
# % & ( ) / 1 3 → <,4357,0.9058212058212058
# % & ( / 1 3 → <,4357,0.9058212058212058
# % ( ) / 1 3 → <,4357,0.9058212058212058
# % ( / 1 3 → <,4357,0.9058212058212058
# & ( ) / 1 3 → <,4357,0.9058212058212058
# & ( / 1 3 → <,4357,0.9058212058212058
# ( ) / 1 3 → <,4357,0.9058212058212058
# ( / 1 3 → <,4357,0.9058212058212058
% & ( ) / 1 3 → <,4357,0.9058212058212058
% & ( / 1 3 → <,4357,0.9058212058212058
% ( ) / 1 3 → <,4357,0.9058212058212058
% ( / 1 3 → <,4357,0.9058212058212058
& ( ) / 1 3 → <,4357,0.9058212058212058
& ( / 1 3 → <,4357,0.9058212058212058
( ) / 1 3 → <,4357,0.9058212058212058
( / 1 3 → <,4357,0.9058212058212058
# % & ) 0 1 3 9 → <,3143,0.9057636887608069
# % & 0 1 3 9 → <,3143,0.9057636887608069
# % ) 0 1 3 9 → <,3143,0.9057636887608069
# % 0 1 3 9 → <,3143,0.9057636887608069
# & ) 0 1 3 9 → <,3143,0.9057636887608069
# & 0 1 3 9 → <,3143,0.9057636887608069
# ) 0 1 3 9 → <,3143,0.9057636887608069
# 0 1 3 9 → <,3143,0.9057636887608069
% & ) 0 1 3 9 → <,3143,0.9057636887608069
% & 0 1 3 9 → <,3143,0.9057636887608069
% ) 0 1 3 9 → <,3143,0.9057636887608069
% 0 1 3 9 → <,3143,0.9057636887608069
& ) 0 1 3 9 → <,3143,0.9057636887608069
& 0 1 3 9 → <,3143,0.9057636887608069
) 0 1 3 9 → <,3143,0.9057636887608069
0 1 3 9 → <,3143,0.9057636887608069
# % & ) / 0 3 9 → <,3142,0.9057365234938023
# % & / 0 3 9 → <,3142,0.9057365234938023
# % ) / 0 3 9 → <,3142,0.9057365234938023
# % / 0 3 9 → <,3142,0.9057365234938023
# & ) / 0 3 9 → <,3142,0.9057365234938023
# & / 0 3 9 → <,3142,0.9057365234938023
# ) / 0 3 9 → <,3142,0.9057365234938023
# / 0 3 9 → <,3142,0.9057365234938023
% & ) / 0 3 9 → <,3142,0.9057365234938023
% & / 0 3 9 → <,3142,0.9057365234938023
% ) / 0 3 9 → <,3142,0.9057365234938023
% / 0 3 9 → <,3142,0.9057365234938023
& ) / 0 3 9 → <,3142,0.9057365234938023
& / 0 3 9 → <,3142,0.9057365234938023
) / 0 3 9 → <,3142,0.9057365234938023
/ 0 3 9 → <,3142,0.9057365234938023
# % & ( ) / 0 3 : → <,2138,0.9055484963998306
# % & ( / 0 3 : → <,2138,0.9055484963998306
# % & ) / 0 3 : → <,2138,0.9055484963998306
# % & / 0 3 : → <,2138,0.9055484963998306
# % ( ) / 0 3 : → <,2138,0.9055484963998306
# % ( / 0 3 : → <,2138,0.9055484963998306
# % ) / 0 3 : → <,2138,0.9055484963998306
# % / 0 3 : → <,2138,0.9055484963998306
# & ( ) / 0 3 : → <,2138,0.9055484963998306
# & ( / 0 3 : → <,2138,0.9055484963998306
# & ) / 0 3 : → <,2138,0.9055484963998306
# & / 0 3 : → <,2138,0.9055484963998306
# ( ) / 0 3 : → <,2138,0.9055484963998306
# ( / 0 3 : → <,2138,0.9055484963998306
# ) / 0 3 : → <,2138,0.9055484963998306
# / 0 3 : → <,2138,0.9055484963998306
% & ( ) / 0 3 : → <,2138,0.9055484963998306
% & ( / 0 3 : → <,2138,0.9055484963998306
% & ) / 0 3 : → <,2138,0.9055484963998306
% & / 0 3 : → <,2138,0.9055484963998306
% ( ) / 0 3 : → <,2138,0.9055484963998306
% ( / 0 3 : → <,2138,0.9055484963998306
% ) / 0 3 : → <,2138,0.9055484963998306
% / 0 3 : → <,2138,0.9055484963998306
& ( ) / 0 3 : → <,2138,0.9055484963998306
& ( / 0 3 : → <,2138,0.9055484963998306
& ) / 0 3 : → <,2138,0.9055484963998306
& / 0 3 : → <,2138,0.9055484963998306
( ) / 0 3 : → <,2138,0.9055484963998306
( / 0 3 : → <,2138,0.9055484963998306
) / 0 3 : → <,2138,0.9055484963998306
/ 0 3 : → <,2138,0.9055484963998306
# % & ( ) 0 1 3 9 → <,3133,0.9054913294797687
# % & ( 0 1 3 9 → <,3133,0.9054913294797687
# % ( ) 0 1 3 9 → <,3133,0.9054913294797687
# % ( 0 1 3 9 → <,3133,0.9054913294797687
# & ( ) 0 1 3 9 → <,3133,0.9054913294797687
# & ( 0 1 3 9 → <,3133,0.9054913294797687
# ( ) 0 1 3 9 → <,3133,0.9054913294797687
# ( 0 1 3 9 → <,3133,0.9054913294797687
% & ( ) 0 1 3 9 → <,3133,0.9054913294797687
% & ( 0 1 3 9 → <,3133,0.9054913294797687
% ( ) 0 1 3 9 → <,3133,0.9054913294797687
% ( 0 1 3 9 → <,3133,0.9054913294797687
& ( ) 0 1 3 9 → <,3133,0.9054913294797687
& ( 0 1 3 9 → <,3133,0.9054913294797687
( ) 0 1 3 9 → <,3133,0.9054913294797687
( 0 1 3 9 → <,3133,0.9054913294797687
# % & ( ) / 0 3 9 → <,3132,0.9054640069384216
# % & ( / 0 3 9 → <,3132,0.9054640069384216
# % ( ) / 0 3 9 → <,3132,0.9054640069384216
# % ( / 0 3 9 → <,3132,0.9054640069384216
# & ( ) / 0 3 9 → <,3132,0.9054640069384216
# & ( / 0 3 9 → <,3132,0.9054640069384216
# ( ) / 0 3 9 → <,3132,0.9054640069384216
# ( / 0 3 9 → <,3132,0.9054640069384216
% & ( ) / 0 3 9 → <,3132,0.9054640069384216
% & ( / 0 3 9 → <,3132,0.9054640069384216
% ( ) / 0 3 9 → <,3132,0.9054640069384216
% ( / 0 3 9 → <,3132,0.9054640069384216
& ( ) / 0 3 9 → <,3132,0.9054640069384216
& ( / 0 3 9 → <,3132,0.9054640069384216
( ) / 0 3 9 → <,3132,0.9054640069384216
( / 0 3 9 → <,3132,0.9054640069384216
# % & ( ) 0 1 3 : → <,2126,0.9050659855257557
# % & ( 0 1 3 : → <,2126,0.9050659855257557
# % & ) 0 1 3 : → <,2126,0.9050659855257557
# % & 0 1 3 : → <,2126,0.9050659855257557
# % ( ) 0 1 3 : → <,2126,0.9050659855257557
# % ( 0 1 3 : → <,2126,0.9050659855257557
# % ) 0 1 3 : → <,2126,0.9050659855257557
# % 0 1 3 : → <,2126,0.9050659855257557
# & ( ) 0 1 3 : → <,2126,0.9050659855257557
# & ( 0 1 3 : → <,2126,0.9050659855257557
# & ) 0 1 3 : → <,2126,0.9050659855257557
# & 0 1 3 : → <,2126,0.9050659855257557
# ( ) 0 1 3 : → <,2126,0.9050659855257557
# ( 0 1 3 : → <,2126,0.9050659855257557
# ) 0 1 3 : → <,2126,0.9050659855257557
# 0 1 3 : → <,2126,0.9050659855257557
% & ( ) 0 1 3 : → <,2126,0.9050659855257557
% & ( 0 1 3 : → <,2126,0.9050659855257557
% & ) 0 1 3 : → <,2126,0.9050659855257557
% & 0 1 3 : → <,2126,0.9050659855257557
% ( ) 0 1 3 : → <,2126,0.9050659855257557
% ( 0 1 3 : → <,2126,0.9050659855257557
% ) 0 1 3 : → <,2126,0.9050659855257557
% 0 1 3 : → <,2126,0.9050659855257557
& ( ) 0 1 3 : → <,2126,0.9050659855257557
& ( 0 1 3 : → <,2126,0.9050659855257557
& ) 0 1 3 : → <,2126,0.9050659855257557
& 0 1 3 : → <,2126,0.9050659855257557
( ) 0 1 3 : → <,2126,0.9050659855257557
( 0 1 3 : → <,2126,0.9050659855257557
) 0 1 3 : → <,2126,0.9050659855257557
0 1 3 : → <,2126,0.9050659855257557
# % & ( ) 2 : → <,2732,0.9049354090758529
# % & ( 2 : → <,2732,0.9049354090758529
# % ( ) 2 : → <,2732,0.9049354090758529
# % ( 2 : → <,2732,0.9049354090758529
# & ( ) 2 : → <,2732,0.9049354090758529
# & ( 2 : → <,2732,0.9049354090758529
# ( ) 2 : → <,2732,0.9049354090758529
# ( 2 : → <,2732,0.9049354090758529
% & ( ) 2 : → <,2732,0.9049354090758529
% & ( 2 : → <,2732,0.9049354090758529
% ( ) 2 : → <,2732,0.9049354090758529
% ( 2 : → <,2732,0.9049354090758529
& ( ) 2 : → <,2732,0.9049354090758529
& ( 2 : → <,2732,0.9049354090758529
( ) 2 : → <,2732,0.9049354090758529
( 2 : → <,2732,0.9049354090758529
# % & ) / 0 1 3 9 → <,3098,0.9045255474452555
# % & / 0 1 3 9 → <,3098,0.9045255474452555
# % ) / 0 1 3 9 → <,3098,0.9045255474452555
# % / 0 1 3 9 → <,3098,0.9045255474452555
# & ) / 0 1 3 9 → <,3098,0.9045255474452555
# & / 0 1 3 9 → <,3098,0.9045255474452555
# ) / 0 1 3 9 → <,3098,0.9045255474452555
# / 0 1 3 9 → <,3098,0.9045255474452555
% & ) / 0 1 3 9 → <,3098,0.9045255474452555
% & / 0 1 3 9 → <,3098,0.9045255474452555
% ) / 0 1 3 9 → <,3098,0.9045255474452555
% / 0 1 3 9 → <,3098,0.9045255474452555
& ) / 0 1 3 9 → <,3098,0.9045255474452555
& / 0 1 3 9 → <,3098,0.9045255474452555
) / 0 1 3 9 → <,3098,0.9045255474452555
/ 0 1 3 9 → <,3098,0.9045255474452555
# % & ( ) / 0 1 3 9 → <,3088,0.9042459736456808
# % & ( / 0 1 3 9 → <,3088,0.9042459736456808
# % ( ) / 0 1 3 9 → <,3088,0.9042459736456808
# % ( / 0 1 3 9 → <,3088,0.9042459736456808
# & ( ) / 0 1 3 9 → <,3088,0.9042459736456808
# & ( / 0 1 3 9 → <,3088,0.9042459736456808
# ( ) / 0 1 3 9 → <,3088,0.9042459736456808
# ( / 0 1 3 9 → <,3088,0.9042459736456808
% & ( ) / 0 1 3 9 → <,3088,0.9042459736456808
% & ( / 0 1 3 9 → <,3088,0.9042459736456808
% ( ) / 0 1 3 9 → <,3088,0.9042459736456808
% ( / 0 1 3 9 → <,3088,0.9042459736456808
& ( ) / 0 1 3 9 → <,3088,0.9042459736456808
& ( / 0 1 3 9 → <,3088,0.9042459736456808
( ) / 0 1 3 9 → <,3088,0.9042459736456808
( / 0 1 3 9 → <,3088,0.9042459736456808
# % & ( ) / 0 1 3 : → <,2094,0.9037548554164868
# % & ( / 0 1 3 : → <,2094,0.9037548554164868
# % & ) / 0 1 3 : → <,2094,0.9037548554164868
# % & / 0 1 3 : → <,2094,0.9037548554164868
# % ( ) / 0 1 3 : → <,2094,0.9037548554164868
# % ( / 0 1 3 : → <,2094,0.9037548554164868
# % ) / 0 1 3 : → <,2094,0.9037548554164868
# % / 0 1 3 : → <,2094,0.9037548554164868
# & ( ) / 0 1 3 : → <,2094,0.9037548554164868
# & ( / 0 1 3 : → <,2094,0.9037548554164868
# & ) / 0 1 3 : → <,2094,0.9037548554164868
# & / 0 1 3 : → <,2094,0.9037548554164868
# ( ) / 0 1 3 : → <,2094,0.9037548554164868
# ( / 0 1 3 : → <,2094,0.9037548554164868
# ) / 0 1 3 : → <,2094,0.9037548554164868
# / 0 1 3 : → <,2094,0.9037548554164868
% & ( ) / 0 1 3 : → <,2094,0.9037548554164868
% & ( / 0 1 3 : → <,2094,0.9037548554164868
% & ) / 0 1 3 : → <,2094,0.9037548554164868
% & / 0 1 3 : → <,2094,0.9037548554164868
% ( ) / 0 1 3 : → <,2094,0.9037548554164868
% ( / 0 1 3 : → <,2094,0.9037548554164868
% ) / 0 1 3 : → <,2094,0.9037548554164868
% / 0 1 3 : → <,2094,0.9037548554164868
& ( ) / 0 1 3 : → <,2094,0.9037548554164868
& ( / 0 1 3 : → <,2094,0.9037548554164868
& ) / 0 1 3 : → <,2094,0.9037548554164868
& / 0 1 3 : → <,2094,0.9037548554164868
( ) / 0 1 3 : → <,2094,0.9037548554164868
( / 0 1 3 : → <,2094,0.9037548554164868
) / 0 1 3 : → <,2094,0.9037548554164868
/ 0 1 3 : → <,2094,0.9037548554164868
# % & ) / 0 9 → <,3443,0.9036745406824147
# % & / 0 9 → <,3443,0.9036745406824147
# % ) / 0 9 → <,3443,0.9036745406824147
# % / 0 9 → <,3443,0.9036745406824147
# & ) / 0 9 → <,3443,0.9036745406824147
# & / 0 9 → <,3443,0.9036745406824147
# ) / 0 9 → <,3443,0.9036745406824147
# / 0 9 → <,3443,0.9036745406824147
% & ) / 0 9 → <,3443,0.9036745406824147
% & / 0 9 → <,3443,0.9036745406824147
% ) / 0 9 → <,3443,0.9036745406824147
% / 0 9 → <,3443,0.9036745406824147
& ) / 0 9 → <,3443,0.9036745406824147
& / 0 9 → <,3443,0.9036745406824147
) / 0 9 → <,3443,0.9036745406824147
/ 0 9 → <,3443,0.9036745406824147
# % & ( ) / 0 9 → <,3433,0.9034210526315789
# % & ( / 0 9 → <,3433,0.9034210526315789
# % ( ) / 0 9 → <,3433,0.9034210526315789
# % ( / 0 9 → <,3433,0.9034210526315789
# & ( ) / 0 9 → <,3433,0.9034210526315789
# & ( / 0 9 → <,3433,0.9034210526315789
# ( ) / 0 9 → <,3433,0.9034210526315789
# ( / 0 9 → <,3433,0.9034210526315789
% & ( ) / 0 9 → <,3433,0.9034210526315789
% & ( / 0 9 → <,3433,0.9034210526315789
% ( ) / 0 9 → <,3433,0.9034210526315789
% ( / 0 9 → <,3433,0.9034210526315789
& ( ) / 0 9 → <,3433,0.9034210526315789
& ( / 0 9 → <,3433,0.9034210526315789
( ) / 0 9 → <,3433,0.9034210526315789
( / 0 9 → <,3433,0.9034210526315789
# % & ) 1 2 3 → <,3233,0.9033249511036603
# % & 1 2 3 → <,3233,0.9033249511036603
# % ) 1 2 3 → <,3233,0.9033249511036603
# % 1 2 3 → <,3233,0.9033249511036603
# & ) 1 2 3 → <,3233,0.9033249511036603
# & 1 2 3 → <,3233,0.9033249511036603
# ) 1 2 3 → <,3233,0.9033249511036603
# 1 2 3 → <,3233,0.9033249511036603
% & ) 1 2 3 → <,3233,0.9033249511036603
% & 1 2 3 → <,3233,0.9033249511036603
% ) 1 2 3 → <,3233,0.9033249511036603
% 1 2 3 → <,3233,0.9033249511036603
& ) 1 2 3 → <,3233,0.9033249511036603
& 1 2 3 → <,3233,0.9033249511036603
) 1 2 3 → <,3233,0.9033249511036603
1 2 3 → <,3233,0.9033249511036603
# % & ) / 1 2 → <,3457,0.9030825496342738
# % & / 1 2 → <,3457,0.9030825496342738
# % ) / 1 2 → <,3457,0.9030825496342738
# % / 1 2 → <,3457,0.9030825496342738
# & ) / 1 2 → <,3457,0.9030825496342738
# & / 1 2 → <,3457,0.9030825496342738
# ) / 1 2 → <,3457,0.9030825496342738
# / 1 2 → <,3457,0.9030825496342738
% & ) / 1 2 → <,3457,0.9030825496342738
% & / 1 2 → <,3457,0.9030825496342738
% ) / 1 2 → <,3457,0.9030825496342738
% / 1 2 → <,3457,0.9030825496342738
& ) / 1 2 → <,3457,0.9030825496342738
& / 1 2 → <,3457,0.9030825496342738
) / 1 2 → <,3457,0.9030825496342738
/ 1 2 → <,3457,0.9030825496342738
# % & ( ) 1 2 3 → <,3223,0.9030540767722051
# % & ( 1 2 3 → <,3223,0.9030540767722051
# % ( ) 1 2 3 → <,3223,0.9030540767722051
# % ( 1 2 3 → <,3223,0.9030540767722051
# & ( ) 1 2 3 → <,3223,0.9030540767722051
# & ( 1 2 3 → <,3223,0.9030540767722051
# ( ) 1 2 3 → <,3223,0.9030540767722051
# ( 1 2 3 → <,3223,0.9030540767722051
% & ( ) 1 2 3 → <,3223,0.9030540767722051
% & ( 1 2 3 → <,3223,0.9030540767722051
% ( ) 1 2 3 → <,3223,0.9030540767722051
% ( 1 2 3 → <,3223,0.9030540767722051
& ( ) 1 2 3 → <,3223,0.9030540767722051
& ( 1 2 3 → <,3223,0.9030540767722051
( ) 1 2 3 → <,3223,0.9030540767722051
( 1 2 3 → <,3223,0.9030540767722051
# % & ( ) / 1 2 → <,3447,0.9028287061288632
# % & ( / 1 2 → <,3447,0.9028287061288632
# % ( ) / 1 2 → <,3447,0.9028287061288632
# % ( / 1 2 → <,3447,0.9028287061288632
# & ( ) / 1 2 → <,3447,0.9028287061288632
# & ( / 1 2 → <,3447,0.9028287061288632
# ( ) / 1 2 → <,3447,0.9028287061288632
# ( / 1 2 → <,3447,0.9028287061288632
% & ( ) / 1 2 → <,3447,0.9028287061288632
% & ( / 1 2 → <,3447,0.9028287061288632
% ( ) / 1 2 → <,3447,0.9028287061288632
% ( / 1 2 → <,3447,0.9028287061288632
& ( ) / 1 2 → <,3447,0.9028287061288632
& ( / 1 2 → <,3447,0.9028287061288632
( ) / 1 2 → <,3447,0.9028287061288632
( / 1 2 → <,3447,0.9028287061288632
# % & ) / 0 2 → <,3073,0.9022313564298298
# % & / 0 2 → <,3073,0.9022313564298298
# % ) / 0 2 → <,3073,0.9022313564298298
# % / 0 2 → <,3073,0.9022313564298298
# & ) / 0 2 → <,3073,0.9022313564298298
# & / 0 2 → <,3073,0.9022313564298298
# ) / 0 2 → <,3073,0.9022313564298298
# / 0 2 → <,3073,0.9022313564298298
% & ) / 0 2 → <,3073,0.9022313564298298
% & / 0 2 → <,3073,0.9022313564298298
% ) / 0 2 → <,3073,0.9022313564298298
% / 0 2 → <,3073,0.9022313564298298
& ) / 0 2 → <,3073,0.9022313564298298
& / 0 2 → <,3073,0.9022313564298298
) / 0 2 → <,3073,0.9022313564298298
/ 0 2 → <,3073,0.9022313564298298
# % & ) / 0 1 9 → <,3380,0.9020549773151855
# % & / 0 1 9 → <,3380,0.9020549773151855
# % ) / 0 1 9 → <,3380,0.9020549773151855
# % / 0 1 9 → <,3380,0.9020549773151855
# & ) / 0 1 9 → <,3380,0.9020549773151855
# & / 0 1 9 → <,3380,0.9020549773151855
# ) / 0 1 9 → <,3380,0.9020549773151855
# / 0 1 9 → <,3380,0.9020549773151855
% & ) / 0 1 9 → <,3380,0.9020549773151855
% & / 0 1 9 → <,3380,0.9020549773151855
% ) / 0 1 9 → <,3380,0.9020549773151855
% / 0 1 9 → <,3380,0.9020549773151855
& ) / 0 1 9 → <,3380,0.9020549773151855
& / 0 1 9 → <,3380,0.9020549773151855
) / 0 1 9 → <,3380,0.9020549773151855
/ 0 1 9 → <,3380,0.9020549773151855
# % & ( ) / 0 2 → <,3063,0.9019434628975265
# % & ( / 0 2 → <,3063,0.9019434628975265
# % ( ) / 0 2 → <,3063,0.9019434628975265
# % ( / 0 2 → <,3063,0.9019434628975265
# & ( ) / 0 2 → <,3063,0.9019434628975265
# & ( / 0 2 → <,3063,0.9019434628975265
# ( ) / 0 2 → <,3063,0.9019434628975265
# ( / 0 2 → <,3063,0.9019434628975265
% & ( ) / 0 2 → <,3063,0.9019434628975265
% & ( / 0 2 → <,3063,0.9019434628975265
% ( ) / 0 2 → <,3063,0.9019434628975265
% ( / 0 2 → <,3063,0.9019434628975265
& ( ) / 0 2 → <,3063,0.9019434628975265
& ( / 0 2 → <,3063,0.9019434628975265
( ) / 0 2 → <,3063,0.9019434628975265
( / 0 2 → <,3063,0.9019434628975265
# % & ) / 2 → 9,3821,0.9018173235780033
# % & / 2 → 9,3821,0.9018173235780033
# % ) / 2 → 9,3821,0.9018173235780033
# % / 2 → 9,3821,0.9018173235780033
# & ) / 2 → 9,3821,0.9018173235780033
# & / 2 → 9,3821,0.9018173235780033
# ) / 2 → 9,3821,0.9018173235780033
# / 2 → 9,3821,0.9018173235780033
% & ) / 2 → 9,3821,0.9018173235780033
% & / 2 → 9,3821,0.9018173235780033
% ) / 2 → 9,3821,0.9018173235780033
% / 2 → 9,3821,0.9018173235780033
& ) / 2 → 9,3821,0.9018173235780033
& / 2 → 9,3821,0.9018173235780033
) / 2 → 9,3821,0.9018173235780033
/ 2 → 9,3821,0.9018173235780033
# % & ( ) / 0 1 9 → <,3370,0.9017928819909018
# % & ( / 0 1 9 → <,3370,0.9017928819909018
# % ( ) / 0 1 9 → <,3370,0.9017928819909018
# % ( / 0 1 9 → <,3370,0.9017928819909018
# & ( ) / 0 1 9 → <,3370,0.9017928819909018
# & ( / 0 1 9 → <,3370,0.9017928819909018
# ( ) / 0 1 9 → <,3370,0.9017928819909018
# ( / 0 1 9 → <,3370,0.9017928819909018
% & ( ) / 0 1 9 → <,3370,0.9017928819909018
% & ( / 0 1 9 → <,3370,0.9017928819909018
% ( ) / 0 1 9 → <,3370,0.9017928819909018
% ( / 0 1 9 → <,3370,0.9017928819909018
& ( ) / 0 1 9 → <,3370,0.9017928819909018
& ( / 0 1 9 → <,3370,0.9017928819909018
( ) / 0 1 9 → <,3370,0.9017928819909018
( / 0 1 9 → <,3370,0.9017928819909018
# % & ) / 0 1 2 → <,3054,0.9016829052258636
# % & / 0 1 2 → <,3054,0.9016829052258636
# % ) / 0 1 2 → <,3054,0.9016829052258636
# % / 0 1 2 → <,3054,0.9016829052258636
# & ) / 0 1 2 → <,3054,0.9016829052258636
# & / 0 1 2 → <,3054,0.9016829052258636
# ) / 0 1 2 → <,3054,0.9016829052258636
# / 0 1 2 → <,3054,0.9016829052258636
% & ) / 0 1 2 → <,3054,0.9016829052258636
% & / 0 1 2 → <,3054,0.9016829052258636
% ) / 0 1 2 → <,3054,0.9016829052258636
% / 0 1 2 → <,3054,0.9016829052258636
& ) / 0 1 2 → <,3054,0.9016829052258636
& / 0 1 2 → <,3054,0.9016829052258636
) / 0 1 2 → <,3054,0.9016829052258636
/ 0 1 2 → <,3054,0.9016829052258636
# % & ( ) / 2 → 9,3811,0.9015850484977526
# % & ( / 2 → 9,3811,0.9015850484977526
# % ( ) / 2 → 9,3811,0.9015850484977526
# % ( / 2 → 9,3811,0.9015850484977526
# & ( ) / 2 → 9,3811,0.9015850484977526
# & ( / 2 → 9,3811,0.9015850484977526
# ( ) / 2 → 9,3811,0.9015850484977526
# ( / 2 → 9,3811,0.9015850484977526
% & ( ) / 2 → 9,3811,0.9015850484977526
% & ( / 2 → 9,3811,0.9015850484977526
% ( ) / 2 → 9,3811,0.9015850484977526
% ( / 2 → 9,3811,0.9015850484977526
& ( ) / 2 → 9,3811,0.9015850484977526
& ( / 2 → 9,3811,0.9015850484977526
( ) / 2 → 9,3811,0.9015850484977526
( / 2 → 9,3811,0.9015850484977526
# % & ) 1 2 3 9 → <,2972,0.9014255383682135
# % & 1 2 3 9 → <,2972,0.9014255383682135
# % ) 1 2 3 9 → <,2972,0.9014255383682135
# % 1 2 3 9 → <,2972,0.9014255383682135
# & ) 1 2 3 9 → <,2972,0.9014255383682135
# & 1 2 3 9 → <,2972,0.9014255383682135
# ) 1 2 3 9 → <,2972,0.9014255383682135
# 1 2 3 9 → <,2972,0.9014255383682135
% & ) 1 2 3 9 → <,2972,0.9014255383682135
% & 1 2 3 9 → <,2972,0.9014255383682135
% ) 1 2 3 9 → <,2972,0.9014255383682135
% 1 2 3 9 → <,2972,0.9014255383682135
& ) 1 2 3 9 → <,2972,0.9014255383682135
& 1 2 3 9 → <,2972,0.9014255383682135
) 1 2 3 9 → <,2972,0.9014255383682135
1 2 3 9 → <,2972,0.9014255383682135
# % & ( ) / 0 1 2 → <,3044,0.9013917678412793
# % & ( / 0 1 2 → <,3044,0.9013917678412793
# % ( ) / 0 1 2 → <,3044,0.9013917678412793
# % ( / 0 1 2 → <,3044,0.9013917678412793
# & ( ) / 0 1 2 → <,3044,0.9013917678412793
# & ( / 0 1 2 → <,3044,0.9013917678412793
# ( ) / 0 1 2 → <,3044,0.9013917678412793
# ( / 0 1 2 → <,3044,0.9013917678412793
% & ( ) / 0 1 2 → <,3044,0.9013917678412793
% & ( / 0 1 2 → <,3044,0.9013917678412793
% ( ) / 0 1 2 → <,3044,0.9013917678412793
% ( / 0 1 2 → <,3044,0.9013917678412793
& ( ) / 0 1 2 → <,3044,0.9013917678412793
& ( / 0 1 2 → <,3044,0.9013917678412793
( ) / 0 1 2 → <,3044,0.9013917678412793
( / 0 1 2 → <,3044,0.9013917678412793
# % & ( ) 1 2 3 9 → <,2962,0.9011256464861576
# % & ( 1 2 3 9 → <,2962,0.9011256464861576
# % ( ) 1 2 3 9 → <,2962,0.9011256464861576
# % ( 1 2 3 9 → <,2962,0.9011256464861576
# & ( ) 1 2 3 9 → <,2962,0.9011256464861576
# & ( 1 2 3 9 → <,2962,0.9011256464861576
# ( ) 1 2 3 9 → <,2962,0.9011256464861576
# ( 1 2 3 9 → <,2962,0.9011256464861576
% & ( ) 1 2 3 9 → <,2962,0.9011256464861576
% & ( 1 2 3 9 → <,2962,0.9011256464861576
% ( ) 1 2 3 9 → <,2962,0.9011256464861576
% ( 1 2 3 9 → <,2962,0.9011256464861576
& ( ) 1 2 3 9 → <,2962,0.9011256464861576
& ( 1 2 3 9 → <,2962,0.9011256464861576
( ) 1 2 3 9 → <,2962,0.9011256464861576
( 1 2 3 9 → <,2962,0.9011256464861576
# % & ( ) 5 → <,2499,0.9002161383285303
# % & ( 5 → <,2499,0.9002161383285303
# % & ) 5 → <,2499,0.9002161383285303
# % & 5 → <,2499,0.9002161383285303
# % ( ) 5 → <,2499,0.9002161383285303
# % ( 5 → <,2499,0.9002161383285303
# % ) 5 → <,2499,0.9002161383285303
# % 5 → <,2499,0.9002161383285303
# & ( ) 5 → <,2499,0.9002161383285303
# & ( 5 → <,2499,0.9002161383285303
# & ) 5 → <,2499,0.9002161383285303
# & 5 → <,2499,0.9002161383285303
# ( ) 5 → <,2499,0.9002161383285303
# ( 5 → <,2499,0.9002161383285303
# ) 5 → <,2499,0.9002161383285303
# 5 → <,2499,0.9002161383285303
% & ( ) 5 → <,2499,0.9002161383285303
% & ( 5 → <,2499,0.9002161383285303
% & ) 5 → <,2499,0.9002161383285303
% & 5 → <,2499,0.9002161383285303
% ( ) 5 → <,2499,0.9002161383285303
% ( 5 → <,2499,0.9002161383285303
% ) 5 → <,2499,0.9002161383285303
% 5 → <,2499,0.9002161383285303
& ( ) 5 → <,2499,0.9002161383285303
& ( 5 → <,2499,0.9002161383285303
& ) 5 → <,2499,0.9002161383285303
& 5 → <,2499,0.9002161383285303
( ) 5 → <,2499,0.9002161383285303
( 5 → <,2499,0.9002161383285303
) 5 → <,2499,0.9002161383285303
5 → <,2499,0.9002161383285303
